Nevada Greene,consectetuer.mauris@sitametdapibus.com,466223049
Stella Rosales,,
Coby Nichols,magna.tellus.faucibus@Nullamvitae.co.uk,
Abdul Herring,,388611934
Sonya Gutierrez,elit.dictum.eu@Sed.edu,500715031
Nathan Pierce,quis.pede.Suspendisse@nibh.org,315586079
Oprah Conrad,commodo@nasceturridiculus.net,107918402
Abra Lane,sollicitudin@cursus.edu,543173453
Plato Frost,lolo@enimEtiam.org,667718403
Kato Miller,lectus.a.sollicitudin@adipiscingMaurismolestie.co.uk,305116765
Mateusz Kmiecik,mk@gmail.com,123456789
