Abdul Herring,augue.eu@necdiam.com,387611934
Abra Lane,sollicitudin@cursus.edu,543173453
Coby Nichols,magna.tellus.faucibus@Nullamvitae.co.uk,156582645
Kato Miller,lectus.a.sollicitudin@adipiscingMaurismolestie.co.uk,305116765
Maciek,,123456
Mateusz Kmiecik,mk@gmail.com,123456789
Nathan Pierce,quis.pede.Suspendisse@nibh.org,315586079
Nevada Greene,consectetuer.mauris@sitametdapibus.com,466223049
Oprah Conrad,commodo@nasceturridiculus.net,107918402
Plato Frost,lolo@enimEtiam.org,667718403
Sonya Gutierrez,elit.dictum.eu@Sed.edu,500715031
Stella Rosales,Nullam.feugiat.placerat@felisNullatempor.org,166757282
